<?xml version="1.0" encoding="UTF-8"?>
<Document id="0000381" source="ADAM" url="https://www.nlm.nih.gov/medlineplus/ency/article/003294.htm">
 <!--Answers from the A.D.A.M. medical encyclopedia were removed to comply with the MedlinePlus copyright-->
<Focus>Babinski reflex</Focus>
<FocusAnnotations>
	<Category>Disease</Category>
	<UMLS>
		<CUIs>
			<CUI>C0034935</CUI>
		</CUIs>
		<SemanticTypes>
			<SemanticType>T033</SemanticType>
		</SemanticTypes>
		<SemanticGroup>Disorders</SemanticGroup>
	</UMLS>
	<Synonyms>
		<Synonym>Reflex - Babinski</Synonym>
		<Synonym>Extensor plantar reflex</Synonym>
		<Synonym>Babinski sign</Synonym>
	</Synonyms>
</FocusAnnotations>
<QAPairs>
	<QAPair pid="1">
			<Question qid="0000381-1" qtype="information">What is (are) Babinski reflex ?</Question>
			<Answer></Answer>
	</QAPair>
	<QAPair pid="2">
			<Question qid="0000381-2" qtype="causes">What causes Babinski reflex ?</Question>
			<Answer></Answer>
	</QAPair>
</QAPairs>
</Document>
